DISPOSIZIONE CLASSI,,,,,,
PLESSO STORICO,,,,PLESSO NUOVO,,
AULA,CLASSE,BANCHI,,AULA,CLASSE,BANCHI
T1,1AP,23,,NT1,1AT,18
T2,1BP,21,,NT2,1BT,18
T3,2AP,22,,NT3,1CP,21
T4,2BP,22,,NT4,2AT,22
T6,2CP,22,,NT5,2BT,23
C1,3AS,21,,NT6,2CT,18
C4,3GRF,24,,NT7,5GRFA,15
101,4FA,19,,NT8,1CT,19
102,4GRFA,11,,NT9,5AT,22
103,4GRFB,22,,NT10,5PT,22
104,4AS,21,,NT11,5AS,27
,,,,NP1,POLIVALENTE,
,,,,NP2,5FA,18
LABORATORIO,CHIMICA 1,,,NP3,4VE,12
LABORATORIO,CHIMICA 2,,,NP4,5VE,16
LABORATORIO,FITOPATOLOGIA,,,NP5,5GRFB,18
LABORATORIO,BIOLOGIA,,,NP6,4PT,21
LABORATORIO,ENOLOGIA,,,NP7,3FA,16
,CANTINA,,,NP8,INFO 2,
,,,,NP9,3PT/3VE,24
,,,,NP10,3PT,23
,,,,NP11,4AT,19
,,,,NP12,3AT,21
INFO 1,LABORATORIO DI INFORMATICA,,,INFO2,LABORATORIO DI INFORMATICA,